{"learner":{"attributes":{},"feature_names":[],"feature_types":[],"gradient_booster":{"model":{"cats":{"enc":[],"feature_segments":[],"sorted_idx":[]},"gbtree_model_param":{"num_parallel_tree":"1","num_trees":"10"},"iteration_indptr":[0,1,2,3,4,5,6,7,8,9,10],"tree_info":[0,0,0,0,0,0,0,0,0,0],"trees":[{"base_weights":[-0E0,-1.0092565E0,1.446505E0,-1.201849E0,1.2093024E0,-1.2325147E0,3.679245E-1,-3.720602E-1,-5.660378E-2],"categories":[],"categories_nodes":[],"categories_segments":[],"categories_sizes":[],"default_left":[0,0,0,0,0,0,0,0,0],"id":0,"left_children":[1,3,-1,5,-1,7,-1,-1,-1],"loss_changes":[7.88343E2,1.348819E2,0E0,1.1177078E1,0E0,7.9837036E-1,0E0,0E0,0E0],"parents":[2147483647,0,0,1,1,3,3,5,5],"right_children":[2,4,-1,6,-1,8,-1,-1,-1],"split_conditions":[1.0333955E0,1.1152501E0,1.446505E0,9.972457E-1,1.2093024E0,9.921913E-1,3.679245E-1,-3.720602E-1,-5.660378E-2],"split_indices":[0,1,0,5,0,3,0,0,0],"split_type":[0,0,0,0,0,0,0,0,0],"sum_hessian":[1.6000002E2,1.3296E2,2.7040003E1,1.288E2,4.1600003E0,1.2768001E2,1.1200001E0,1.26560005E2,1.1200001E0],"tree_param":{"num_deleted":"0","num_feature":"6","num_nodes":"9","size_leaf_vector":"1"}},{"base_weights":[-1.2138955E-1,-9.114787E-1,5.8771485E-1,-1.1227037E0,5.270726E-1,-1.1546165E0,2.550632E-1,-3.4865066E-1,-5.9491493E-2],"categories":[],"categories_nodes":[],"categories_segments":[],"categories_sizes":[],"default_left":[0,0,0,0,0,0,0,0,0],"id":1,"left_children":[1,3,-1,5,-1,7,-1,-1,-1],"loss_changes":[2.5046599E2,6.4158455E1,0E0,7.457138E0,0E0,5.035858E-1,0E0,0E0,0E0],"parents":[2147483647,0,0,1,1,3,3,5,5],"right_children":[2,4,-1,6,-1,8,-1,-1,-1],"split_conditions":[1.043909E0,1.1152501E0,5.8771485E-1,9.9891216E-1,5.270726E-1,9.9117833E-1,2.550632E-1,-3.4865066E-1,-5.9491493E-2],"split_indices":[5,1,0,3,0,2,0,0,0],"split_type":[0,0,0,0,0,0,0,0,0],"sum_hessian":[1.5029005E2,1.0933119E2,4.0958866E1,1.0184831E2,7.482879E0,1.00635254E2,1.2130574E0,9.963315E1,1.002105E0],"tree_param":{"num_deleted":"0","num_feature":"6","num_nodes":"9","size_leaf_vector":"1"}},{"base_weights":[-1.2183834E-1,-8.50063E-1,4.5785618E-1,-1.0703471E0,3.935705E-1,-1.0988656E0,1.6929594E-1,-3.3250248E-1,-6.639319E-2],"categories":[],"categories_nodes":[],"categories_segments":[],"categories_sizes":[],"default_left":[0,0,0,0,0,0,0,0,0],"id":2,"left_children":[1,3,-1,5,-1,7,-1,-1,-1],"loss_changes":[1.5084198E2,4.2867188E1,0E0,4.329155E0,0E0,4.0781403E-1,0E0,0E0,0E0],"parents":[2147483647,0,0,1,1,3,3,5,5],"right_children":[2,4,-1,6,-1,8,-1,-1,-1],"split_conditions":[1.043909E0,9.935314E-1,4.5785618E-1,9.9891216E-1,3.935705E-1,9.9321216E-1,1.6929594E-1,-3.3250248E-1,-6.639319E-2],"split_indices":[5,1,0,3,0,0,0,0,0],"split_type":[0,0,0,0,0,0,0,0,0],"sum_hessian":[1.2360672E2,8.606206E1,3.754466E1,7.856222E1,7.49984E0,7.753728E1,1.0249455E0,7.644878E1,1.0884951E0],"tree_param":{"num_deleted":"0","num_feature":"6","num_nodes":"9","size_leaf_vector":"1"}},{"base_weights":[-1.1692777E-1,-8.113798E-1,3.923209E-1,-1.0269228E0,4.0371767E-1,-3.2195783E-1,2.1923493E-1],"categories":[],"categories_nodes":[],"categories_segments":[],"categories_sizes":[],"default_left":[0,0,0,0,0,0,0],"id":3,"left_children":[1,3,-1,5,-1,-1,-1],"loss_changes":[9.967033E1,3.2823772E1,0E0,5.8305664E0,0E0,0E0,0E0],"parents":[2147483647,0,0,1,1,3,3],"right_children":[2,4,-1,6,-1,-1,-1],"split_conditions":[1.0333955E0,1.1379973E0,3.923209E-1,9.9819714E-1,4.0371767E-1,-3.2195783E-1,2.1923493E-1],"split_indices":[0,3,0,2,0,0,0],"split_type":[0,0,0,0,0,0,0],"sum_hessian":[9.866966E1,6.66242E1,3.2045467E1,6.1048065E1,5.5761337E0,5.9861702E1,1.1863643E0],"tree_param":{"num_deleted":"0","num_feature":"6","num_nodes":"7","size_leaf_vector":"1"}},{"base_weights":[-1.0860974E-1,-7.6679224E-1,3.6081415E-1,-9.7304136E-1,3.3621764E-1,-3.1067714E-1,2.2748229E-1],"categories":[],"categories_nodes":[],"categories_segments":[],"categories_sizes":[],"default_left":[0,0,0,0,0,0,0],"id":4,"left_children":[1,3,-1,5,-1,-1,-1],"loss_changes":[6.832976E1,2.1571842E1,0E0,5.979347E0,0E0,0E0,0E0],"parents":[2147483647,0,0,1,1,3,3],"right_children":[2,4,-1,6,-1,-1,-1],"split_conditions":[1.043909E0,1.1379973E0,3.6081415E-1,1.0242485E0,3.3621764E-1,-3.1067714E-1,2.2748229E-1],"split_indices":[5,3,0,4,0,0,0],"split_type":[0,0,0,0,0,0,0],"sum_hessian":[7.710021E1,5.1610836E1,2.5489376E1,4.6963608E1,4.647228E0,4.57139E1,1.2497071E0],"tree_param":{"num_deleted":"0","num_feature":"6","num_nodes":"7","size_leaf_vector":"1"}},{"base_weights":[-9.814609E-2,-7.394919E-1,3.3457527E-1,-9.6316403E-1,3.145262E-1,-3.056825E-1,1.3708639E-1],"categories":[],"categories_nodes":[],"categories_segments":[],"categories_sizes":[],"default_left":[0,0,0,0,0,0,0],"id":5,"left_children":[1,3,-1,5,-1,-1,-1],"loss_changes":[4.8117973E1,1.714969E1,0E0,3.3483086E0,0E0,0E0,0E0],"parents":[2147483647,0,0,1,1,3,3],"right_children":[2,4,-1,6,-1,-1,-1],"split_conditions":[1.0333955E0,1.1379973E0,3.3457527E-1,9.96433E-1,3.145262E-1,-3.056825E-1,1.3708639E-1],"split_indices":[0,3,0,2,0,0,0],"split_type":[0,0,0,0,0,0,0],"sum_hessian":[5.9772076E1,3.935918E1,2.0412893E1,3.5392754E1,3.9664268E0,3.4327E1,1.0657558E0],"tree_param":{"num_deleted":"0","num_feature":"6","num_nodes":"7","size_leaf_vector":"1"}},{"base_weights":[-8.802334E-2,-7.022827E-1,3.189451E-1,-9.2151815E-1,2.6524848E-1,-2.9895338E-1,2.4537353E-2],"categories":[],"categories_nodes":[],"categories_segments":[],"categories_sizes":[],"default_left":[0,0,0,0,0,0,0],"id":6,"left_children":[1,3,-1,5,-1,-1,-1],"loss_changes":[3.405445E1,1.1706865E1,0E0,2.1885662E0,0E0,0E0,0E0],"parents":[2147483647,0,0,1,1,3,3],"right_children":[2,4,-1,6,-1,-1,-1],"split_conditions":[1.043909E0,1.1152501E0,3.189451E-1,9.665827E-1,2.6524848E-1,-2.9895338E-1,2.4537353E-2],"split_indices":[5,1,0,0,0,0,0],"split_type":[0,0,0,0,0,0,0],"sum_hessian":[4.6103546E1,3.0316685E1,1.57868595E1,2.7004045E1,3.3126395E0,2.513229E1,1.8717558E0],"tree_param":{"num_deleted":"0","num_feature":"6","num_nodes":"7","size_leaf_vector":"1"}},{"base_weights":[-7.840098E-2,-6.730873E-1,3.0719975E-1,-9.1468984E-1,2.5994387E-1,-2.9312304E-1,3.4441248E-2],"categories":[],"categories_nodes":[],"categories_segments":[],"categories_sizes":[],"default_left":[0,0,0,0,0,0,0],"id":7,"left_children":[1,3,-1,5,-1,-1,-1],"loss_changes":[2.4809399E1,9.906723E0,0E0,1.5036945E0,0E0,0E0,0E0],"parents":[2147483647,0,0,1,1,3,3],"right_children":[2,4,-1,6,-1,-1,-1],"split_conditions":[1.0242485E0,1.1379973E0,3.0719975E-1,9.86864E-1,2.5994387E-1,-2.9312304E-1,3.4441248E-2],"split_indices":[4,3,0,0,0,0,0],"split_type":[0,0,0,0,0,0,0],"sum_hessian":[3.5791965E1,2.3502857E1,1.2289108E1,2.0665691E1,2.8371658E0,1.9532919E1,1.1327721E0],"tree_param":{"num_deleted":"0","num_feature":"6","num_nodes":"7","size_leaf_vector":"1"}},{"base_weights":[-6.718942E-2,-6.5370876E-1,2.91723E-1,-8.873942E-1,2.4007557E-1,-2.8692153E-1,2.7313331E-2],"categories":[],"categories_nodes":[],"categories_segments":[],"categories_sizes":[],"default_left":[0,0,0,0,0,0,0],"id":8,"left_children":[1,3,-1,5,-1,-1,-1],"loss_changes":[1.8154446E1,7.1543074E0,0E0,1.2224236E0,0E0,0E0,0E0],"parents":[2147483647,0,0,1,1,3,3],"right_children":[2,4,-1,6,-1,-1,-1],"split_conditions":[1.0333955E0,1.1379973E0,2.91723E-1,9.7382325E-1,2.4007557E-1,-2.8692153E-1,2.7313331E-2],"split_indices":[0,3,0,2,0,0,0],"split_type":[0,0,0,0,0,0,0],"sum_hessian":[2.7731302E1,1.79663E1,9.765002E0,1.5814251E1,2.1520483E0,1.4793368E1,1.0208826E0],"tree_param":{"num_deleted":"0","num_feature":"6","num_nodes":"7","size_leaf_vector":"1"}},{"base_weights":[-5.469485E-2,-6.129417E-1,2.8368616E-1,-8.681423E-1,2.0682596E-1,-2.7929455E-1,-1.8995324E-2],"categories":[],"categories_nodes":[],"categories_segments":[],"categories_sizes":[],"default_left":[0,0,0,0,0,0,0],"id":9,"left_children":[1,3,-1,5,-1,-1,-1],"loss_changes":[1.318815E1,5.6166263E0,0E0,6.019182E-1,0E0,0E0,0E0],"parents":[2147483647,0,0,1,1,3,3],"right_children":[2,4,-1,6,-1,-1,-1],